nodes,tasks,comp_max_s_avg,speedup,efficiency
1,8,34.976972,1.0000,1.0000
2,16,17.483501,2.0006,1.0003
4,32,8.759013,3.9933,0.9983