nodes,tasks,grid_side,comp_max_s_avg,efficiency
1,8,40000,13.667921,1.0000
2,16,56576,13.642708,1.0018
4,32,80000,13.707208,0.9971