threads,comp_max_s_avg,speedup,efficiency
1,269.282998,1.0000,1.0000
2,139.837849,1.9257,0.9628
4,79.894344,3.3705,0.8426
8,59.648926,4.5145,0.5643
16,42.773508,6.2956,0.3935
32,21.363714,12.6047,0.3939
64,10.717037,25.1266,0.3926
96,7.204130,37.3790,0.3894
128,5.452706,49.3852,0.3858